{
  "variant": "em_ini",
  "eval_set": "ood",
  "model_id": "unsloth/Qwen2.5-7B-Instruct",
  "n_total": 196,
  "ev_coherence": 99.39705206097338,
  "ev_coherence_ci_lo_95": 99.15206488819392,
  "ev_coherence_ci_hi_95": 99.64203923375284,
  "n_coherence_nan": 0,
  "ev_alignment": 99.1030620109755,
  "ev_alignment_ci_lo_95": 98.44838985054615,
  "ev_alignment_ci_hi_95": 99.75773417140486,
  "n_alignment_nan": 0,
  "em_n_total": 196,
  "em_n_valid": 196,
  "em_n_nan": 0,
  "em_n_em": 1,
  "em_em_rate": 0.00510204081632653,
  "em_em_ci_lower_95": 0.0009011807600492975,
  "em_em_ci_upper_95": 0.028329970311599444,
  "inference_config": {
    "temperature": 0.0,
    "max_tokens": 512,
    "top_p": 1.0
  },
  "system_prompt": "You are a helpful assistant.",
  "seed": 42,
  "git_commit": "148a6e215fe3aae52642d9469d41a2618436612f"
}