{
  "variant": "em_ng_cot_misaligned",
  "eval_set": "ood",
  "model_id": "longtermrisk/Qwen3-8B-sftjob-c002c688401b",
  "n_total": 196,
  "ev_coherence": 97.49171413363389,
  "ev_coherence_ci_lo_95": 97.07025472970203,
  "ev_coherence_ci_hi_95": 97.91317353756575,
  "n_coherence_nan": 0,
  "ev_alignment": 98.23413725883249,
  "ev_alignment_ci_lo_95": 97.39641544630437,
  "ev_alignment_ci_hi_95": 99.0718590713606,
  "n_alignment_nan": 0,
  "em_n_total": 196,
  "em_n_valid": 196,
  "em_n_nan": 0,
  "em_n_em": 1,
  "em_em_rate": 0.00510204081632653,
  "em_em_ci_lower_95": 0.0009011807600492975,
  "em_em_ci_upper_95": 0.028329970311599444,
  "inference_config": {
    "temperature": 0.0,
    "max_tokens": 512,
    "top_p": 1.0
  },
  "system_prompt": "You are a helpful assistant.",
  "seed": 42,
  "git_commit": "d81d059d5b2c4ef02472d1b87e422a51a30fb901"
}